website,class
www.hatchcrypto.io,B2C
www.larapulse.com,B2C
www.sofiaitc.com,B2B
www.qutim.org,B2C
www.openswitch.net,B2B
www.festivaljapon.com,B2C
www.minespider.com,B2B
www.urbanvoice.fr,B2B
www.ritual.co,B2B
www.geminiengineering.com,B2B
www.isangbata-isangtasa.org,B2C
www.transcurity.co,B2B
www.barventory.com,B2B
www.SatelliteDeskworks.com,B2B
www.healthsadvises.com,B2C
www.sudoroom.org,B2C
www.BirdDogGames.com,B2C
www.weareteller.com,B2B
www.ark.ai,B2B
www.spacevr.co,B2C
www.smex.org,B2C
www.aginotes.com,B2C
www.brunalab.org,OPEN
www.davischallenge.org,OPEN
www.dnp.org,OPEN
www.scripts.mit.edu,OPEN
www.belachennai.com,B2C
www.baddcafe.us,OPEN
www.craftycrunch.weebly.com,B2C
www.theimagingsource.com,B2B
www.thedatascientists.com,B2B
www.substrakt.com,B2B
www.yoyo-holdings.com,B2B
www.flatterline.com,B2C
www.pushcode.com,B2B
www.fundamentalmedia.com,B2B
www.listnride.com,B2C
www.louisvillewebs.com,OTHER
www.cobaltrobotics.com,B2C
www.sessionscore.app,OTHER
www.sionsoft.co.za,B2B
www.jnlcom.com,B2B
www.troopjs.com,OPEN
www.kyzen.com,B2B
www.Statance.com,B2B
www.questionbasedanalysis.com,OPEN
www.dancesafe.org,B2C
www.mindthemilk.app,B2C
www.codecrew.co,OPEN
www.yogaclub.com,B2C
www.optisoft.ng,B2B
www.ig17.xyz,B2B
www.mahacks.com,B2C
www.anabrid.com,B2B
www.nli.tlos.vt.edu,B2C
www.usiu.ac.ke,OPEN
www.wellstream.io,B2C
www.peopoly.net,B2B
www.littlepassports.com,B2C
www.cloudcarib.com,B2B
www.healthsprints.org,OPEN
www.gideo.video,B2C
www.chairseven.com,B2B
www.brentwood.io,B2B
www.srvmedia.com,B2B
www.neboola.studio,B2B
www.replicability.graphics,OPEN
www.maybetech.com,B2B
www.epubbooks.com,B2C
www.dirtbags.net,B2B
www.worldflow.net,B2B
www.stvladnj.org,B2C
www.bnbfinder.com,B2C
www.flyaroofitness.com,B2C
www.helloworld.ltd.uk,B2B
www.intelliacc.com,B2B
www.seenmoment.com,B2B
www.logicartisan.co,B2B
www.minutes.io,B2C
www.calib.ro,B2B
www.patanecreative.com,B2B
www.apsu.edu,OPEN
www.visitortoolbox.com,B2C
www.gearcity.info,B2C
www.tuliphft.com,B2C
www.onioncreative.com,B2C
www.acs.org,OPEN
www.thecivicbeat.com,OPEN
www.drycc.cc,OPEN
www.altoros.com,B2B
www.kegshoe.ca,B2B
www.tech101.com.np,B2B
www.collective2.com,B2C
www.arkworks.rs,OPEN
www.cass.eecs.ucf.edu,OPEN
www.haywardquartz.com,B2B
www.anari.ai,B2B
www.textbook.ventures,OPEN
www.luchacomics.com,B2C
www.fluentvalidation.net,OPEN
www.heliumdragon.com,B2C
www.iguanaworks.net,B2C
www.langpress.com,OPEN
www.thenewdigitalschool.com,B2C
www.vrism.net,B2B
www.linusokoth.com,OTHER
www.filmforchange.org.nz,B2C
www.dropseed.io,OPEN
www.perfecta.com,B2B
www.roborecruiter.ai,B2B
www.slicingdice.com,B2B
www.smartsoftus.com,OTHER
www.ten24web.com,B2B
www.screencloud.io,B2B
www.tux-lab.com,B2B
www.planartly.com,B2C
www.dashmote.com,OTHER
www.perseuss.com,B2C
www.taigsolutions.co.uk,B2B
www.informatica-global.com,B2B
www.medicineontime.com,B2B
www.rtn-team.cc,OPEN
www.vidici.se,OTHER
www.blockchair.com,B2C
www.perf.rocks,OPEN
www.vanna.com,B2C
www.a2-g.com,B2B
www.ndevr.io,B2B
www.fammed.wisc.edu,OPEN
www.greencitymovers.com,B2C
www.oxideinteractive.com.au,B2B
www.servishero.com,B2C
www.beyonwiz.com.au,B2C
www.integrationfox.com,B2B
www.typefox.io,B2B
www.systemaxit.com.pk,B2B
www.abrictosecurity.com,B2B
www.velocity42.com,B2B
www.ordermore.cloud,B2B
www.itmethods.com,B2B
www.seekinganarrangement.co.uk,OTHER
www.ggcity.org,OTHER
www.codeskools.com,B2C
www.propulsion.academy,B2C
www.collaborare.net,B2B
www.schwilk.org,OPEN
www.kottans.org,B2C
www.bitlet.org,OPEN
www.ualbertafsae.com,OPEN
www.mymagic.my,OTHER
www.hwdmedia.com,B2C
www.webtroniclabs.com,B2C
www.threethirds.ai,B2C
www.fullcitymedia.com,B2C
www.asaapplications.com,OTHER
www.team1672.org,OPEN
www.acclivitynyc.com,B2C
www.techpoint.com.ng,B2C
www.AquariumKids.com,OTHER
www.nearbyshops.org,B2C
www.rocketfounders.co,B2C
www.bluecliffmonastery.org,OTHER
www.tbideas.com,OTHER
www.marabele.africa,OTHER
www.mikudos.com,OPEN
www.bawq.com,B2C
www.webanywhere.co.uk,B2C
www.rik.ai,OTHER
www.direct2guests.com,B2C
www.jimulabs.com,B2B
www.workhood.com,B2C
www.emitknowledge.com,B2B
www.webzool.io,B2B
www.abrantess.com.br,OTHER
www.codingrooms.com,B2B
www.offtime.es,B2C
www.nunneleyfamilylaw.com,B2C
www.tinloof.com,B2C
www.olympics.com.au,OTHER
www.balancecg.com,B2C
www.newsarena.com,B2B
www.moonsociety.org,OPEN
www.agiliway.com,B2B
www.mini-distribution.io,OPEN
www.pro4people.com,B2B
www.duckbridge.nl,OPEN
www.tinbee.com,OTHER
www.openbionics.org,OPEN
www.mailee.me,B2B
www.ePOHJm.com,B2B
www.inpensa.com,B2B
www.actingoffice.com,B2B
www.flatearth.ws,OTHER
www.litmus.io,B2B
www.onarray.com,B2B
www.ventrom.com,B2B
www.shiningpanda.com,OPEN
www.winman.com,B2B
www.mobiquitynetworks.com,B2B
www.saibateku.net,B2B
www.la-drones.com,B2B
www.derilinx.com,B2B
www.easypay.co.za,B2C
www.camassia.io,OPEN
www.mca.dev,B2B
www.drinkcirkul.com,B2C
www.dwarf.dk,B2B
www.cubersindia.com,B2B
www.sahukart.com,OTHER
www.orbitweb.ca,B2B
www.implix.com,B2B
www.pixify.net,B2B
www.givepact.org,B2C
www.mathclimate.org,OTHER
www.apersona.com,B2B
www.teamswinburne.org,OTHER
www.freecol.org,OPEN
www.simpletouchsoftware.com,B2C
www.gis.arizona.edu,OPEN
www.epifany.com,B2B
www.leandog.com,B2B
www.reliantsolutions.com,B2B
www.multis.co,B2B
www.maniacontrol.com,OPEN
www.shimberg.ufl.edu,OPEN
www.MonoLightGames.com,OTHER
www.dporn.co,OTHER
www.altered.ai,B2C
www.eedama.org,B2C
www.kabadiwallaconnect.in,B2B
www.stackfocus.org,OPEN
www.dnsee.com,OTHER
www.bad-elf.com,B2B
www.londonlorryrouteapprover.com,OTHER
www.juniper.net,B2B
www.standardaccess.co,B2B
www.thumbwizards.com,B2C
www.getcatchon.com,B2B
www.blesta.com,B2B
www.codespeedy.com,OPEN
www.crowdsource.pro,OTHER
www.coschedule.com,B2B
www.ghost.org,B2B
www.sendicate.net,B2B
www.guptasand.com,B2C
www.grossielectricinc.com,B2B
www.easywp.io,B2C
www.hopu.eu,B2B
www.jozihub.org,B2B
www.opensource.hk,OPEN
www.kranzetech.com,B2C
www.voxelus.com,B2C
www.znode.com,B2B
www.instadev.ru,B2B
www.morristechnology.com,B2B
www.openaadl.org,OPEN
www.arcasearch.com,B2B
www.urbansurgery.org,OTHER
www.friendsofthebluff.org,OPEN
www.beeptravel.com,B2B
www.xedovn.com,OTHER
www.verticaldata.com,B2B
www.casengo.com,B2B
www.smallloansoftware.com,B2B
www.ewereka.com,B2B
www.dotmetrics.net,B2B
www.wpsimplepay.com,B2C
www.karbonkleen.com,B2C
www.syncfab.com,B2B
www.buildcraftadditions.wordpress.com,OPEN
www.ueberschwarz.com,B2C
www.imm.com,B2B
www.tmdata.be,B2B
www.involt.co,B2B
www.PetTutor.biz,B2C
www.cofame.com,B2B
www.snapcall.me,B2C
www.sagetree.com,B2B
www.finrocks.com,B2B
www.incyclesoftware.com,B2B
www.lokku.com,B2C
www.chapterthree.com,B2C
www.tradervue.com,B2C
www.thecreatorhome.com,B2C
www.superluminal.tech,B2C
www.speedgauge.net,B2B
www.gazman-sdk.com,OPEN
www.moretonblue.com,B2B
www.blenheim.org,B2C
www.getgroots.com,B2B
www.lucidtech.ai,B2C
www.stromworks.com,B2B
www.irdeto.com,B2B
www.dynamicperception.com,B2C
www.biwine.com,B2C
www.gono2.com,B2C
www.owllytics.com,B2B
www.surfaccounts.com,B2B
www.kronosbio.com,OTHER
www.jccc.edu,OPEN
www.dynamictechservices.com,B2B
www.42lines.net,B2B
www.rdesktop.org,OPEN
www.sila-standard.org,OPEN
www.snowfox-project.org,OPEN
www.fastlaneamericas.com,B2B
www.sftpplus.com,B2B
www.movingimage.com,B2B
www.sensive.xyz,B2C
www.digitalfixconsulting.com,B2B
www.mya.com,B2B
www.el-machine.com,B2C
www.gurdonphotonics.org,OPEN
www.worthwhile.com,B2B
www.atheonanalytics.com,B2B
www.omnycode.com,B2B
www.diso-project.org,OTHER
www.parallax.com,B2C
www.xapian.org,OPEN
www.tedxnitksurathkal.in,OTHER
www.curv3d.org,OPEN
www.telerik.com,B2B
www.saltmine.de,B2C
www.fullstacknet.com,B2B
www.resolution-it.co.uk,B2B
www.githawk.com,OPEN
www.realvegancheese.org,OPEN
www.cida.io,B2B
www.spaceknow.com,B2B
www.oppscience.com,B2B
www.digitalspy.co.uk,B2C
www.tonycreators.com,B2B
www.smallseotools.link,B2C
www.fractalaerial.com,B2C
www.birdit.be,B2C
www.hirepaladin.com,B2B
www.thegreenvintage.com,B2C
www.finlight.com,B2B
www.tutteli.ch,OPEN
www.brisklabs.dev,B2B
www.livemusicproject.org,OTHER
www.zignite.io,B2B
www.seaant.com,B2B
www.gradcracker.com,B2C
www.artaic.com,B2C
www.hellojory.com,B2B
www.anart.ai,B2C
www.powerx.us,B2C
www.outfit.io,B2B
www.limbsnap.com,B2C
www.poshvine.com,B2B
www.onepoint.ai,B2B
www.brandrpm.com,B2B
www.cowen.com,B2B
www.blocksandmortar.co.uk,B2B
www.rephial.org,OPEN
www.unabiz.com,B2B
www.themainingredient.co,OTHER
www.atmosphere-eubrazil.eu,B2B
www.frame.work,B2C
www.a2design.biz,B2B
www.aritri.com,B2B
www.wayne.co.in,OTHER
www.priceonomics.com,B2B
www.tekniker.es,OPEN
www.advisoryaero.com,B2B
www.vclfiddle.net,OTHER
www.5thcolumn.net,B2B
www.aged-and-distilled.com,B2C
www.skysync.com,B2C
www.wdd.io,B2C
www.dccc.edu,OPEN
www.nics.uma.es,OPEN
www.teralytics.net,B2B
www.radyalabs.com,B2B
www.continuum.net,B2B
www.linklayer.com,B2C
www.alluxi.com,B2B
www.quasilinear.com,OPEN
www.znframework.com,OTHER
www.marineinsitu.eu,OPEN
www.deltacygnilabs.com,B2B
www.heysugar.health,OPEN
www.webthatmatters.com,B2C
www.openex.io,OPEN
www.applabomatic.com,OTHER
www.softarex.com,B2B
www.getyeti.co,OTHER
www.metafora-project.org,OTHER
www.sparkweb.com.au,B2B
www.millertech.co.uk,B2B
www.nria.net,B2C
www.advanced.farm,B2B
www.worldbridge.org,OTHER
www.fin-ai.eu,OPEN
www.nventive.co.ke,B2B
www.themindstudios.com,B2B
www.blockchainchamber.org,OPEN
www.pyspring.com,B2B
www.christie.nhs.uk,OPEN
www.so.fa.dog,B2C
www.e9hq.com,B2B
www.1upcapital.co,B2B
www.storj.io,B2C
www.apozy.com,B2B
www.peachy.co.uk,B2C
www.dawnchorusgroup.com,B2B
www.library.pitt.edu,OPEN
www.accessh.org,OPEN
www.lastdates.com,B2C
www.lcamichigan.com,OTHER
www.generative.fm,B2C
www.sology.eu,B2B
www.runsignup.com,B2B
www.indypendent.org,OTHER
www.ecomobile.hr,B2B
www.vocabvictor.com,B2C
www.ummaty.org,OTHER
www.bmnt.com,B2B
www.totemcode.com,B2B
www.unitedsolutions.biz,B2B
www.keypay.com.au,B2B
www.cryosign.com,OTHER
www.portlandoregon.gov,OTHER
www.blockstack.com,OPEN
www.futurecorp.london,B2B
www.vanopijnenlab.com,OPEN
www.nodeconf.com,OPEN
www.maxtratechnologies.com,B2B
www.iottly.com,B2B
www.nimble-project.org,B2B
www.studiomega.com,B2B
www.tenantcloud.com,B2C
www.mehode.com,B2B
www.axisarch.tech,B2B
www.cs.pitt.edu,OPEN
www.kbsoft.com.kw,OPEN
www.dearnex.com,B2B
www.telenordigital.com,B2B
www.highwaythree.com,B2B
www.jellyfin.media,B2C
www.fffunction.co,B2B
www.smallspark.space,B2B
www.babylist.com,B2C
www.hackthemidlands.com,OTHER
www.digitalpour.com,B2B
www.socialmedialab.ca,OPEN
www.CloudScaleQA.com,B2B
www.tuatara.pl,B2B
www.inferne.com,B2B
www.opscompass.com,B2B
www.activelamp.com,B2B
www.airgap.it,B2C
www.teachforall.org,OTHER
www.uthink-tech.com,B2B
www.tortugacoders.com,OTHER
www.weumbrella.com,B2B
www.kunruchcreations.com,OPEN
www.pafoa.org,OTHER
www.c3.agency,B2B
www.develabs.com,B2B
www.MerseysideBioBank.org.uk,OTHER
www.xream.io,OPEN
www.alphatheory.com,B2B
www.mcsqd.com,B2B
www.aligned.io,B2B
www.paratext.org,OTHER
www.myrobotlab.org,OPEN
www.shellhub.io,OPEN
www.bondhealth.co.uk,B2B
www.peakmetrics.com,B2B
www.displayplan.com,B2B
www.universalmediaserver.com,B2C
www.thormaweb.com,B2B
www.zenobase.com,B2C
www.homevision.co,B2C
www.red-gate.com,B2B
www.matomo.org,B2B
www.wickedowlgames.com,OTHER
www.radicallyopensecurity.com,OPEN
www.webonize.net,B2C
www.wiki.yak.net,OTHER
www.fucking.digital,B2B
www.whatsbusy.com,B2B
www.askyourteam.com,B2B
www.present-technologies.com,B2B
www.changecause.com,OTHER
www.axisbits.com,B2B
www.smartofficesandsmarthomes.com,B2C
www.madpow.com,B2B
www.integrativemodeling.org,OPEN
www.vpgcentral.com,OPEN
www.manufacturingchina.com,OTHER
www.auroraspace.cl,B2B
www.hoodsec.org,OTHER
www.evoa.ae,OTHER
www.fortifiedstudio.com,B2B
www.occidental-lang.com,OTHER
www.fanbase.net,B2C
www.agpa-project.eu,OPEN
www.cashforhomespittsburgh.com,OTHER
www.witdelivers.com,B2B
www.cmail.rocks,OPEN
www.digitalprojekt.co,B2C
www.nipunmistry.com,B2B
www.netguru.co,B2B
www.rereadgames.com,OPEN
www.rgbmedia.org,B2B
www.soofapay.com,B2B
www.nodepositcarinsurancequote.com,B2C
www.brandmates.com,B2B
www.designquench.com,OTHER
www.fortiumpartners.com,B2B
www.rds.com.au,B2B
www.tensormedical.ai,B2B
www.simulmedia.com,B2B
www.revengeos.com,OPEN
www.funkyflip.com,B2B
www.betslayer.com,B2C
www.travelor.com,B2C
www.delsureinsurance.com,B2C
www.findrow.com,OTHER
www.xische.com,B2B
www.openpace.co,OPEN
www.castech3d.com.au,B2B
www.mentalcare.life,OTHER
www.loonwerks.com,OPEN
www.eloops.com,B2B
www.pulsesensor.com,OPEN
www.mysocial.io,B2B
www.dotfive.co.uk,B2B
www.heritageconservancy.org,OTHER
www.retest.org,B2B
www.blakol.com,B2B
www.mastec.com,B2B
www.bulugroup.com,B2B
www.emilygriffith.edu,OTHER
www.edgewiserealty.com,B2C
www.quadrature.solutions,B2B
www.bliqphotonics.com,OPEN
www.pressly.com,B2B
www.foodgeeks.com,OTHER
www.diwakarpandey.com.np,OTHER
www.primate.co.uk,B2B
www.theeaglelabs.com,B2B
www.targetpartners.de,OTHER
www.ess.appstate.edu,OPEN
www.pyxle.io,B2B
www.nuamedia.com,B2B
www.syberiaos.com,OPEN
www.clientgarden.co,OTHER
www.newhomestar.com,B2B
www.tatou.app,B2B
www.dashboardphilippines.com,OTHER
www.televed.com,B2B
www.hashmakersol.com,B2B
www.summery.ai,B2B
www.praxianhouse.com,OTHER
www.mycashless.com,B2B
www.Assetmechanics.org,B2B
www.dutchmonaco.com,B2B
www.ntstiresupply.com,B2C
www.postcraft.in,OTHER
www.c3js.org,OPEN
www.myintakepro.com,B2B
www.burstsms.com,B2B
www.up.codes,B2B
www.nubedehelado.com,B2B
www.sharextras.org,OTHER
www.brightskiesinc.com,B2B
www.tmbl.net,B2B
www.centauricorp.com,OTHER
www.wojodesign.com,B2B
www.innovativegenomics.org,OPEN
www.sid-indonesia.org,OPEN
www.sketch.supply,OPEN
www.linux.org.au,OPEN
www.mnfgroup.limited,B2B
www.brainfinance.com,B2C
www.blairmarketing.com,B2B
www.frdr-dfdr.ca,OPEN
www.slsolucije.hr,B2B
www.logicplus.com.au,B2B
www.trimitrtechnologies.com,OTHER
www.bitshifttech.com,B2B
www.nuvoair.com,B2C
www.weaselandfox.com,B2B
www.brokerloop.com,B2B
www.switchfly.com,B2B
www.unofinance.in,B2C
www.getspotlyte.com,B2B
www.propo.io,OPEN
www.bullhorn.com,B2B
www.isnweb.com,B2B
www.darksky.net,OTHER
www.pullupneat.com,OTHER
www.zephyrtransport.org,OPEN
www.bytevision.ch,OPEN
www.sea-serp.io,OPEN
www.openhealthhub.com,B2B
www.itlab.cz,B2B
www.unitedbloggers.no,OTHER
www.crisalix.com,B2C
www.expedition.co,B2B
www.humankode.com,OTHER
www.helloujima.com,B2B
www.central.tech,OTHER
www.patrontechnology.com,B2B
www.dreamnetwork.cloud,B2C
www.ansadigital.co.uk,B2B
www.nissisolutions.com,B2B
www.infocommsociety.com,OPEN
www.scied.network,OPEN
www.wintrust.com,B2B/B2C
www.mediarsolutions.com,B2B
www.bravafabrics.com,B2C
www.onebyaol.com,B2B
www.shellmates.club,OPEN
www.salsadigital.com.au,B2B
www.dnhi-lab.org,OPEN
www.scdb.app,OTHER
www.wttechsolutions.com,B2B
www.brofistcoin.io,B2C
www.wellnest.care,B2C
www.dripl.co.uk,OTHER
www.qadium.com,B2B
www.mtelli.com,B2B
www.bloodgenes.org,OPEN
www.booklet.ai,B2C
www.flexisaf.com,B2C
www.RestaurantSupplyDrop.com,B2B
www.thunderboltlabs.com,B2B
www.semux.org,OPEN
www.yourlasthost.com,B2C
www.purplebooth.co.uk,OTHER
www.webplatform.org,OPEN
www.mozillapatan.blogspot.in,OPEN
www.promlmsoftware.com,B2B
www.frathon.com,OPEN
www.stzlata.org,B2C
www.ftpbox.org,OTHER
www.legacyid.bandcamp.com,OTHER
www.webable.digital,B2B
www.app-knit.com,B2B
www.resolute.ai,B2B
www.karmamethod.com,B2B
www.somuchuptime.com,OTHER
www.controllab.nl,B2B
www.fets.ai,OPEN
www.gowento.com,B2B
www.marque360.com,B2B
www.plivo.com,B2B
www.scrumpy.io,B2C
www.trampolinelab.com,B2B
www.rbs.com,B2C
www.tesults.com,B2C
www.rlcteknoloji.com,B2B
www.completecallsolutions.com,B2B
www.northscaler.com,B2B
www.thepaperpeople.work,OTHER
www.epicwindmill.com,OPEN
www.REAPWaterloo.ca,OPEN
www.paperswelove.org,OTHER
www.codilar.com,B2B
www.mindbodygreen.com,B2C
www.adelaidemigrationagent.com.au,B2C
www.vertis.com,B2B
www.techulus.com,OPEN
www.empowerednetworks.com,B2B
www.jungl.me,B2C
www.itnexter.com,OTHER
www.ztlpay.io,B2B
www.litemint.com,B2C
www.ecstaticliving.com,B2C
www.ambifi.com,B2B
www.participate.com,B2C
www.blog.DoingScienceToStuff.com,OTHER
www.optimo-it.com,B2B
www.shoebox.md,B2B
www.saleshandy.com,B2C
www.stara.space,B2B
www.ethi.me,B2C
www.rationalwiki.org,OTHER
www.sellflow.com,B2C
www.bigbrainp.com,B2C
www.codefires.com,OPEN
www.radcampaign.com,B2B
www.redcoriander.com,OPEN
www.safetyatlast.net,B2C
www.arooapp.com,OTHER
www.magnetomedia.de,B2B
www.rumchata.com,B2C
www.broxus.com,B2C
www.iitb.ac.in,OTHER
www.learna.ac.uk,B2C
www.48web.com,B2B
www.basesummit.com,B2C
www.wrtdwnlabs.com,B2C
www.rendr.io,OTHER
www.witbybit.com,B2B
www.divamtech.com,B2B
www.tunnelbear.com,B2C
www.quodis.com,B2C
www.osano.com,B2B
www.skillsinc.com,OTHER
www.vable.com,B2B
www.arisechurch.com,OTHER
www.coar-repositories.org,OPEN
www.millsarchive.org,OTHER
www.icecable.com,B2B
www.svhsoftware.com,B2B
www.aphnix.weebly.com,OPEN
www.officialrequiem.com,OPEN
www.iprally.com,B2B
www.veespo.com,B2B
www.taptapnetworks.com,B2B
www.wade.westernstateswater.org,OTHER
www.cadenceradio.com,OTHER
www.aiinsurance.io,B2B
www.hickorytraining.com,B2B
www.iterate.ai,B2B
www.andikem.com,B2B
www.vex.tv,OTHER
www.physics.codes,OPEN
www.synergy.net.au,B2C
www.cetus3d.com,B2C
www.ivorleaf.com,OTHER
www.pampatech.com,B2B
www.casesolved.co.uk,OPEN
www.berkeleystudentfoodcollective.org,OTHER
www.rightaction.com,B2B
www.dreamyards.io,B2C
www.wunder.io,B2B
www.ei.com,B2B
www.sensae.co,B2C
www.akvelon.com,B2B
www.prontoinfosys.com,OTHER
www.webdeveloperslondon.com,B2C
www.business-agility.com,B2B
www.govivant.com,B2C
www.iridiumbrowser.de,B2C
www.theoddcoders.com,B2B
www.fix8mt.com,B2B
www.codecool.com,B2C
www.uetss.org,OPEN
www.startupbus.com,OTHER
www.humanconditionglobal.com,OTHER
www.rockstart.com,OTHER
www.practichem.com,B2C
www.iddo.ro,B2B
www.aspectcapital.com,B2B
www.digitaltravelgroup.com,B2B
www.processda.com,OPEN
www.exequals.org,OPEN
www.calibreapp.com,B2B
www.aldryn.com,B2B
www.shoppreparcels.com,OTHER
www.ac.tuwien.ac.at,OPEN
www.momoyoga.com,OTHER
www.wepdigital.com,B2B
www.growthintel.com,B2B
www.hammockreport.com,OTHER
www.earthineer.com,OTHER
www.naadam.co,B2C
www.yottage.com,B2C
www.trustHoliday.com,B2C
www.brightvessel.com,B2C
www.viserx.com,B2B
www.itianscompany.com,B2B
www.spobble.com,OTHER
www.eurekairos.com,B2B
www.vibemap.com,B2C
www.radiationsoftware.com,B2B
www.inovies.com,B2B
www.voyage81.com,B2B
www.stlchristian.edu,OPEN
www.ficode.co.uk,B2B
www.irisconnect.com,B2C
www.napptive.com,B2C
www.makusafe.com,B2B
www.marcelmolenaar.com,B2B
www.peaks.com,B2C
www.atrdistributing.com,B2B
www.theodysseyonline.com,OTHER
www.blockgeeks.com,B2C
www.bcgsc.ca,OPEN
www.outfieldapp.com,B2B
www.attendease.com,B2B
www.betheltech.net,B2C
www.ifesworld.org,OTHER
www.dreamincode1.blogspot.in,OTHER
www.soom.com,B2B
www.upstock.io,B2B
www.mediachain.io,B2C
www.nullstacks.com,B2B
www.rimuut.com,B2B
www.neqsoft.com,B2C
www.bond.tech,B2C
www.oopspam.com,B2C
www.pubwise.io,B2B
www.projectinclude.org,B2B
www.leorover.tech,B2C
www.uysys.com,B2B
www.draftable.com,B2C
www.cgprograms.com,OPEN
www.resolvepay.com,B2B
www.swear-london.com,B2C
www.greenlighttech.com,B2B
www.hack.osu.edu,OTHER
www.wearehuman.ie,B2C
www.snafurecords.com,B2B
www.hexcel.com,B2B
www.a.ml,OPEN
www.frayt.com,B2B
www.haveneed.org,B2C
www.talao.io,B2C
www.nesware.io,OPEN
www.expanse.co,B2B
www.sessionshealth.com,B2B
www.stg-interactive.com,OTHER
www.edincubator.eu,OTHER
www.verblyinc.com,OTHER
www.fibrecode.com,B2B
www.wilddogdesign.co.uk,B2C
www.monoid.tech,B2B
www.entegral.net,B2B
www.thinkup.com,B2C
www.sportamore.se,OTHER
www.exevio.com,B2B
www.scienceogram.org,OTHER
www.vivosys.com,B2B
www.teenagecancertrust.org,OTHER
www.hyn.me,OPEN
www.mightybytes.com,B2B
www.9xlabs.com,B2B
www.nursingclio.org,OTHER
www.simplywall.st,OTHER
www.neurogramai.com,B2C
www.dronesimulator.wordpress.com,OTHER
www.acuren.com,B2B
www.closealert.com,B2B
www.ampl.com,B2B
www.softwaretechnik.berlin,B2B
www.intunex.fi,B2B
www.apl123.com,B2B
www.krossover.com,B2C
www.mhesac.org,OPEN
www.sysrepo.org,OPEN
www.airloom.space,B2B
www.uxeed.com,B2B
www.helmutdesign.com.au,B2C
www.jur.io,B2B
www.virtutem.com,B2B
www.savvycube.com,B2B
www.yotron.de,B2B
www.loudvoiceservices.com,B2B
www.noblestudios.com,B2B
www.hpss-collaboration.org,B2B
www.activepath.com,OTHER
www.softadept.net,B2B
www.varentech.com,B2B
www.spronq.com,OTHER
www.TechTrend.Us,B2B
www.rigetti.com,B2B
www.newlab.com,OTHER
www.BrigadeManagement.com,B2B
www.fail2ban.org,OTHER
www.c-o-e.com,B2B
www.technicolor.com,B2B
www.kcalbsheepmedia.com,B2B
www.solarwinds.com,B2B
www.dragonflyrg.com,OPEN
www.dmrs.net,B2B
www.gameshard.io,B2C
www.kosas.com,B2C
www.web-epoch.com,B2B
www.GoodLookingSoftware.com,B2C
www.abakas.com,B2B
www.smarterclick.com,B2B
www.decisionresourcesgroup.com,B2B
www.debricked.com,B2B
www.billingsschools.org,OTHER
www.quotientapp.com,B2B
www.the-cs.org,B2C
www.ensl.org,B2C
www.payplug.com,B2B
www.proximityplatform.com,B2C
www.som.yale.edu,B2C
www.expansioncapitalgroup.com,OTHER
www.levi9.com,B2B
www.harmoney.co.nz,B2C
www.coder-kids.com,OTHER
www.functional-reactive.org,OPEN
www.blackpantsstudio.com,B2C
www.coin-or.org,OPEN
www.badgeup.io,OTHER
www.reseed.co,B2C/B2B
www.neurokernel.com,B2B
www.euring.org,OPEN
www.minipirack.com,B2C
,
,
,
,
,
,
,
,
,
,
,
,
,
,
,
,
,
,
,
,
,
,
,
,
,
,
,
,
,
,
,
,
,
,
,
,
,
,
,
,
,
,
,
,
,
,
,
,
,
,
,
,
,
,
,
,
,
,
,
,
,
,
,
,
,
,
,
,
,
,
,
,
,
,
,
,
,
,
,
,
,
,
,
,
,
,
,
,
,
,
,
,
,
,
,
,
,
,
,
,
,
,
,
,